OrderID,CustomerID,ProductID,Quantity,OrderDate
1,101,P101,1,2026-07-01
2,102,P102,2,2026-07-02
3,103,P103,1,2026-07-03
4,104,P104,2,2026-07-04
5,105,P105,1,2026-07-05
6,106,P106,1,2026-07-06
7,107,P107,2,2026-07-07
8,108,P108,3,2026-07-08
9,109,P109,1,2026-07-09
10,110,P110,5,2026-07-10
11,101,P102,2,2026-07-11
12,102,P103,1,2026-07-12
13,103,P104,1,2026-07-13
14,104,P105,2,2026-07-14
15,105,P106,1,2026-07-15
